slug_fr,slug_en,url_fr,url_en
"search","search","https://www.nestore.com/search","https://www.nestore.com/en/search"
"blog","blog","https://www.nestore.com/blog","https://www.nestore.com/en/blog"
"guide","guidelines-pop-up-shops","https://www.nestore.com/guide","https://www.nestore.com/en/guidelines-pop-up-shops"
"tags","tags","https://www.nestore.com/tags","https://www.nestore.com/en/tags"
"boutiques","popup-shops","https://www.nestore.com/boutiques","https://www.nestore.com/en/popup-shops"
"qui-sommes-nous","who-are-we","https://www.nestore.com/qui-sommes-nous","https://www.nestore.com/en/who-are-we"
"references","pop-up-stores-references","https://www.nestore.com/references","https://www.nestore.com/en/pop-up-stores-references"
"contact","contact","https://www.nestore.com/contact","https://www.nestore.com/en/contact"
"metier","retail-expert","https://www.nestore.com/metier","https://www.nestore.com/en/retail-expert"
"contact-demande-envoyee","contact-request-send","https://www.nestore.com/contact-demande-envoyee","https://www.nestore.com/en/contact-request-send"
"estimation-performance-pop-up-store","pop-up-store-performance-estimation","https://www.nestore.com/estimation-performance-pop-up-store","https://www.nestore.com/en/pop-up-store-performance-estimation"
"plan-du-site","plan-du-site","https://www.nestore.com/plan-du-site","https://www.nestore.com/en/plan-du-site"
"quartiers/marais","neighborhoods/marais","https://www.nestore.com/quartiers/marais","https://www.nestore.com/en/neighborhoods/marais"
"quartiers/saint-germain","neighborhoods/saint-germain","https://www.nestore.com/quartiers/saint-germain","https://www.nestore.com/en/neighborhoods/saint-germain"
"quartiers/montmartre","neighborhoods/montmartre","https://www.nestore.com/quartiers/montmartre","https://www.nestore.com/en/neighborhoods/montmartre"
"quartiers/palais-royal","quartiers/palais-royal","https://www.nestore.com/quartiers/palais-royal","https://www.nestore.com/en/quartiers/palais-royal"
"quartiers/showrooms","showrooms","https://www.nestore.com/quartiers/showrooms","https://www.nestore.com/en/showrooms"
"villes/lille","french-cities/lille","https://www.nestore.com/villes/lille","https://www.nestore.com/en/french-cities/lille"
"villes/lyon","french-cities/lyon","https://www.nestore.com/villes/lyon","https://www.nestore.com/en/french-cities/lyon"
"villes/marseille","french-cities/marseille","https://www.nestore.com/villes/marseille","https://www.nestore.com/en/french-cities/marseille"
"villes/nantes","french-cities/nantes","https://www.nestore.com/villes/nantes","https://www.nestore.com/en/french-cities/nantes"
"villes/bordeaux","french-cities/bordeaux","https://www.nestore.com/villes/bordeaux","https://www.nestore.com/en/french-cities/bordeaux"
"contact-proprietaires","contact-proprietaires","https://www.nestore.com/contact-proprietaires","https://www.nestore.com/en/contact-proprietaires"
"quartiers/canal-saint-martin","neighborhoods/canal-saint-martin","https://www.nestore.com/quartiers/canal-saint-martin","https://www.nestore.com/en/neighborhoods/canal-saint-martin"
"tag/digitalisation-omnicanalite","tag/digitalisation-and-omnichannel","https://www.nestore.com/tag/digitalisation-omnicanalite","https://www.nestore.com/en/tag/digitalisation-and-omnichannel"
"tag/dnvb","tag/dnvb","https://www.nestore.com/tag/dnvb","https://www.nestore.com/en/tag/dnvb"
"tag/experience-client","tag/customer-experience","https://www.nestore.com/tag/experience-client","https://www.nestore.com/en/tag/customer-experience"
"tag/pop-up-store-point-de-vente","tag/pop-up-store-and-retail-space","https://www.nestore.com/tag/pop-up-store-point-de-vente","https://www.nestore.com/en/tag/pop-up-store-and-retail-space"
"tag/responsabilite-et-impact","tag/sustainability-and-brand-impact","https://www.nestore.com/tag/responsabilite-et-impact","https://www.nestore.com/en/tag/sustainability-and-brand-impact"
"tag/technologie-data","tag/technology-and-data","https://www.nestore.com/tag/technologie-data","https://www.nestore.com/en/tag/technology-and-data"
"post/acheter-un-local-commercial-pour-le-louer-guide-2025","post/acheter-un-local-commercial-pour-le-louer-guide-2025","https://www.nestore.com/post/acheter-un-local-commercial-pour-le-louer-guide-2025","https://www.nestore.com/en/post/acheter-un-local-commercial-pour-le-louer-guide-2025"
"post/amenager-magasin-ecoresponsable","post/design-eco-friendly-store","https://www.nestore.com/post/amenager-magasin-ecoresponsable","https://www.nestore.com/en/post/design-eco-friendly-store"
"post/black-friday-entre-promos-et-appels-au-boycott","post/black-friday-deals-vs-boycotts","https://www.nestore.com/post/black-friday-entre-promos-et-appels-au-boycott","https://www.nestore.com/en/post/black-friday-deals-vs-boycotts"
"post/cafes-pop-up-store-des-marques-de-luxe","post/luxury-brands-pop-up-cafes","https://www.nestore.com/post/cafes-pop-up-store-des-marques-de-luxe","https://www.nestore.com/en/post/luxury-brands-pop-up-cafes"
"post/carrefour-pop-up-store-bruxelles","post/carrefour-pop-up-store-bruxelles","https://www.nestore.com/post/carrefour-pop-up-store-bruxelles","https://www.nestore.com/en/post/carrefour-pop-up-store-bruxelles"
"post/clients-mysteres","post/mystery-shoppers-retail-experience","https://www.nestore.com/post/clients-mysteres","https://www.nestore.com/en/post/mystery-shoppers-retail-experience"
"post/collecter-des-donnees-client-en-magasin","post/how-to-collect-customer-data-in-store","https://www.nestore.com/post/collecter-des-donnees-client-en-magasin","https://www.nestore.com/en/post/how-to-collect-customer-data-in-store"
"post/comment-choisir-son-emplacement-commercial","post/chow-to-choose-your-retail-location","https://www.nestore.com/post/comment-choisir-son-emplacement-commercial","https://www.nestore.com/en/post/chow-to-choose-your-retail-location"
"post/comment-communiquer-sur-son-magasin-ou-son-pop-up-store","guidelines-pop-up-shops/steps-successful-pop-up-store","https://www.nestore.com/post/comment-communiquer-sur-son-magasin-ou-son-pop-up-store","https://www.nestore.com/en/guidelines-pop-up-shops/steps-successful-pop-up-store"
"post/comment-construire-parcours-client-omnicanal","post/building-an-omnichannel-customer-journey","https://www.nestore.com/post/comment-construire-parcours-client-omnicanal","https://www.nestore.com/en/post/building-an-omnichannel-customer-journey"
"post/comment-louer-une-boutique-ephemere","post/comment-louer-une-boutique-ephemere","https://www.nestore.com/post/comment-louer-une-boutique-ephemere","https://www.nestore.com/en/post/comment-louer-une-boutique-ephemere"
"post/comment-optimiser-lemplacement-produits-boutiques","post/how-to-optimize-merchandising","https://www.nestore.com/post/comment-optimiser-lemplacement-produits-boutiques","https://www.nestore.com/en/post/how-to-optimize-merchandising"
"post/comment-relancer-le-commerce-physique-en-france","post/reviving-physical-retail-in-france","https://www.nestore.com/post/comment-relancer-le-commerce-physique-en-france","https://www.nestore.com/en/post/reviving-physical-retail-in-france"
"post/deco-interieur-marques-tendances","post/interior-trendy-design-brands","https://www.nestore.com/post/deco-interieur-marques-tendances","https://www.nestore.com/en/post/interior-trendy-design-brands"
"post/espace-createurs-au-26-rue-de-batignolles","post/designers-retail-space-26-rue-de-batignolles","https://www.nestore.com/post/espace-createurs-au-26-rue-de-batignolles","https://www.nestore.com/en/post/designers-retail-space-26-rue-de-batignolles"
"post/fast-fashion-slow-fashion","post/fast-fashion-slow-fashion","https://www.nestore.com/post/fast-fashion-slow-fashion","https://www.nestore.com/en/post/fast-fashion-slow-fashion"
"post/flagship-zara-champs-elysees-linnovation-service-experience-client-point-de-vente","post/flagship-zara-champs-elysees-innovation-customer-experience","https://www.nestore.com/post/flagship-zara-champs-elysees-linnovation-service-experience-client-point-de-vente","https://www.nestore.com/en/post/flagship-zara-champs-elysees-innovation-customer-experience"
"post/guide-nps-definition-calcul-interpretation","post/understanding-nps","https://www.nestore.com/post/guide-nps-definition-calcul-interpretation","https://www.nestore.com/en/post/understanding-nps"
"post/ikea-debarque-a-paris","post/ikea-city-in-paris","https://www.nestore.com/post/ikea-debarque-a-paris","https://www.nestore.com/en/post/ikea-city-in-paris"
"post/ikea-transforme-frakta-en-pop-up-store-londres","post/ikea-frakta-experience-pop-up-london","https://www.nestore.com/post/ikea-transforme-frakta-en-pop-up-store-londres","https://www.nestore.com/en/post/ikea-frakta-experience-pop-up-london"
"post/interview-alme-construire-une-marque-au-service-de-ses-clients","post/interview-alme-building-brand-around-customers","https://www.nestore.com/post/interview-alme-construire-une-marque-au-service-de-ses-clients","https://www.nestore.com/en/post/interview-alme-building-brand-around-customers"
"post/interview-cabaia-construire-sa-marque-en-sappuyant-sur-une-strategie-physique-et-digitale","post/post/interview-cabaia-omnichannel-brand-building","https://www.nestore.com/post/interview-cabaia-construire-sa-marque-en-sappuyant-sur-une-strategie-physique-et-digitale","https://www.nestore.com/en/post/post/interview-cabaia-omnichannel-brand-building"
"post/interview-fondateurs-by-charlot","post/interview-founders-by-charlot","https://www.nestore.com/post/interview-fondateurs-by-charlot","https://www.nestore.com/en/post/interview-founders-by-charlot"
"post/la-cave-a-vin-lidl-pops-en-centre-ville","post/lidl-wine-cellar","https://www.nestore.com/post/la-cave-a-vin-lidl-pops-en-centre-ville","https://www.nestore.com/en/post/lidl-wine-cellar"
"post/la-chine-trend-setter-dans-le-monde-du-retail","post/china-leading-retail-trends-worldwide","https://www.nestore.com/post/la-chine-trend-setter-dans-le-monde-du-retail","https://www.nestore.com/en/post/china-leading-retail-trends-worldwide"
"post/la-lecon-marketing-de-glossier","post/what-brands-can-learn-from-glossier","https://www.nestore.com/post/la-lecon-marketing-de-glossier","https://www.nestore.com/en/post/what-brands-can-learn-from-glossier"
"post/la-location-de-mobilier-le-choix-de-lephemere-durable","post/furniture-rental-the-sustainable-ephemeral-choice","https://www.nestore.com/post/la-location-de-mobilier-le-choix-de-lephemere-durable","https://www.nestore.com/en/post/furniture-rental-the-sustainable-ephemeral-choice"
"post/la-nouvelle-boutique-sezane","post/the-new-sezane-store","https://www.nestore.com/post/la-nouvelle-boutique-sezane","https://www.nestore.com/en/post/the-new-sezane-store"
"post/la-personnalisation-au-coeur-de-loffre-des-marques","post/custom-made-at-the-core-of-brand-strategy","https://www.nestore.com/post/la-personnalisation-au-coeur-de-loffre-des-marques","https://www.nestore.com/en/post/custom-made-at-the-core-of-brand-strategy"
"post/latelier-ephemere-lenotre-interview","post/interview-lenotre-ephemeral-workshop","https://www.nestore.com/post/latelier-ephemere-lenotre-interview","https://www.nestore.com/en/post/interview-lenotre-ephemeral-workshop"
"post/le-pop-up-store-des-spurs-paris","post/spurs-pop-up-store-in-paris","https://www.nestore.com/post/le-pop-up-store-des-spurs-paris","https://www.nestore.com/en/post/spurs-pop-up-store-in-paris"
"post/le-pop-up-store-une-solution-face-a-lexplosion-des-couts-dacquisition-clients-en-ligne","post/how-pop-up-stores-help-reduce-online-acquisition-costs","https://www.nestore.com/post/le-pop-up-store-une-solution-face-a-lexplosion-des-couts-dacquisition-clients-en-ligne","https://www.nestore.com/en/post/how-pop-up-stores-help-reduce-online-acquisition-costs"
"post/le-vin-fait-son-show-pop-up-stores-de-la-capitale","post/wine-pop-up-stores-in-paris","https://www.nestore.com/post/le-vin-fait-son-show-pop-up-stores-de-la-capitale","https://www.nestore.com/en/post/wine-pop-up-stores-in-paris"
"post/les-medias-histoire-dune-fulgurante-ascension","post/how-media-became-so-powerful","https://www.nestore.com/post/les-medias-histoire-dune-fulgurante-ascension","https://www.nestore.com/en/post/how-media-became-so-powerful"
"post/les-pop-up-hotels","post/pop-up-hotels","https://www.nestore.com/post/les-pop-up-hotels","https://www.nestore.com/en/post/pop-up-hotels"
"post/lhomme-avenir-du-gender-marketing","post/gender-marketing","https://www.nestore.com/post/lhomme-avenir-du-gender-marketing","https://www.nestore.com/en/post/gender-marketing"
"post/lidl-se-modernise","post/lidl-reinvents-its-retail-strategy","https://www.nestore.com/post/lidl-se-modernise","https://www.nestore.com/en/post/lidl-reinvents-its-retail-strategy"
"post/louer-un-showroom-pendant-la-fashion-week-2025","post/renting-showroom-for-paris-fashion-week","https://www.nestore.com/post/louer-un-showroom-pendant-la-fashion-week-2025","https://www.nestore.com/en/post/renting-showroom-for-paris-fashion-week"
"post/louer-une-galerie-dart-paris","post/rent-art-gallery","https://www.nestore.com/post/louer-une-galerie-dart-paris","https://www.nestore.com/en/post/rent-art-gallery"
"post/magasins-a-marseille-les-acteurs-du-textile-unis-contre-lultra-fast-fashion","post/marseille-localshops-united-against-fast-fashion","https://www.nestore.com/post/magasins-a-marseille-les-acteurs-du-textile-unis-contre-lultra-fast-fashion","https://www.nestore.com/en/post/marseille-localshops-united-against-fast-fashion"
"post/marque-feministe","post/can-brand-be-feminist","https://www.nestore.com/post/marque-feministe","https://www.nestore.com/en/post/can-brand-be-feminist"
"post/marque-responsable-upcycling-mode-deco","post/upcycling-brands","https://www.nestore.com/post/marque-responsable-upcycling-mode-deco","https://www.nestore.com/en/post/upcycling-brands"
"post/marques-feministes","post/feminist-brands","https://www.nestore.com/post/marques-feministes","https://www.nestore.com/en/post/feminist-brands"
"post/marseille-hub-attractif-pour-le-retail","post/marseille-attractive-retail-hub","https://www.nestore.com/post/marseille-hub-attractif-pour-le-retail","https://www.nestore.com/en/post/marseille-attractive-retail-hub"
"post/mesurer-la-satisfaction-client-en-point-de-vente","post/measuring-in-store-customer-satisfaction","https://www.nestore.com/post/mesurer-la-satisfaction-client-en-point-de-vente","https://www.nestore.com/en/post/measuring-in-store-customer-satisfaction"
"post/paris-pop-up-store-meilleures-initiatives-retail-2024","post/paris-best-pop-up-retail","https://www.nestore.com/post/paris-pop-up-store-meilleures-initiatives-retail-2024","https://www.nestore.com/en/post/paris-best-pop-up-retail"
"post/plug-in-shopify-2021-ecommerce-point-de-vente","post/shopify-plugin-physical-retail","https://www.nestore.com/post/plug-in-shopify-2021-ecommerce-point-de-vente","https://www.nestore.com/en/post/shopify-plugin-physical-retail"
"post/pop-up-store-fuze-tea-dedie-a-la-deconnexion-et-a-la-detente","post/fuze-tea-pop-up-store-relaxation-digital-detox","https://www.nestore.com/post/pop-up-store-fuze-tea-dedie-a-la-deconnexion-et-a-la-detente","https://www.nestore.com/en/post/fuze-tea-pop-up-store-relaxation-digital-detox"
"post/pop-up-store-side-event-new-balance-marseille","post/pop-up-store-side-event-new-balance-marseille","https://www.nestore.com/post/pop-up-store-side-event-new-balance-marseille","https://www.nestore.com/en/post/pop-up-store-side-event-new-balance-marseille"
"post/pourquoi-ouvrir-un-pop-up-store-a-marseille","post/why-open-pop-up-store-in-marseille","https://www.nestore.com/post/pourquoi-ouvrir-un-pop-up-store-a-marseille","https://www.nestore.com/en/post/why-open-pop-up-store-in-marseille"
"post/prenez-soin-de-vous-5-marques-bien-etre-qui-vous-aident-au-quotidien","post/wellness-brands-pop-up-store-daily-selfcare","https://www.nestore.com/post/prenez-soin-de-vous-5-marques-bien-etre-qui-vous-aident-au-quotidien","https://www.nestore.com/en/post/wellness-brands-pop-up-store-daily-selfcare"
"post/retail-et-apprentissage-relation-client-en-palace","post/client-experience-luxury-retail-training","https://www.nestore.com/post/retail-et-apprentissage-relation-client-en-palace","https://www.nestore.com/en/post/client-experience-luxury-retail-training"
"post/service-de-personnalisation-en-boutique","post/customization-in-store-service-retail","https://www.nestore.com/post/service-de-personnalisation-en-boutique","https://www.nestore.com/en/post/customization-in-store-service-retail"
"post/shein-a-marseille-un-pop-up-store-qui-fait-debat","post/shein-pop-up-marseille-controversy","https://www.nestore.com/post/shein-a-marseille-un-pop-up-store-qui-fait-debat","https://www.nestore.com/en/post/shein-pop-up-marseille-controversy"
"post/shein-sanctionne-en-france","post/shein-sanctioned-in-france","https://www.nestore.com/post/shein-sanctionne-en-france","https://www.nestore.com/en/post/shein-sanctioned-in-france"
"post/showroom-pop-up-store-fashion-week-homme-2024","post/mens-fashion-week-pop-up-showroom","https://www.nestore.com/post/showroom-pop-up-store-fashion-week-homme-2024","https://www.nestore.com/en/post/mens-fashion-week-pop-up-showroom"
"post/strategie-pop-up-store-lena-mahfouf","post/lena-mahfouf-pop-up-store-strategy","https://www.nestore.com/post/strategie-pop-up-store-lena-mahfouf","https://www.nestore.com/en/post/lena-mahfouf-pop-up-store-strategy"
"post/strategie-retail-pop-up-store-comme-outil-de-test-learn","post/retail-strategy-pop-up-store-as-a-test-and-learn-tool","https://www.nestore.com/post/strategie-retail-pop-up-store-comme-outil-de-test-learn","https://www.nestore.com/en/post/retail-strategy-pop-up-store-as-a-test-and-learn-tool"
"post/tranoi-ouvert-a-tous-du-jamais-vu","post/tranoi-fashion-event-open-to-public","https://www.nestore.com/post/tranoi-ouvert-a-tous-du-jamais-vu","https://www.nestore.com/en/post/tranoi-fashion-event-open-to-public"
"post/vinted-pop-up-store-luxe-seconde-main","post/vinted-pop-up-stores","https://www.nestore.com/post/vinted-pop-up-store-luxe-seconde-main","https://www.nestore.com/en/post/vinted-pop-up-stores"
"post/wholesale-retail-que-choisir","post/wholesale-or-retail","https://www.nestore.com/post/wholesale-retail-que-choisir","https://www.nestore.com/en/post/wholesale-or-retail"
"references/alain-milliat","references/popup-store-alain-milliat","https://www.nestore.com/references/alain-milliat","https://www.nestore.com/en/references/popup-store-alain-milliat"
"references/anja","references/popup-store-anja","https://www.nestore.com/references/anja","https://www.nestore.com/en/references/popup-store-anja"
"references/antisocial-social-club","references/antisocial-social-club","https://www.nestore.com/references/antisocial-social-club","https://www.nestore.com/en/references/antisocial-social-club"
"references/apnee","references/popup-store-apnee","https://www.nestore.com/references/apnee","https://www.nestore.com/en/references/popup-store-apnee"
"references/baccaris","references/baccaris","https://www.nestore.com/references/baccaris","https://www.nestore.com/en/references/baccaris"
"references/bang-olufsen","references/bang-olufsen","https://www.nestore.com/references/bang-olufsen","https://www.nestore.com/en/references/bang-olufsen"
"references/baya","references/baya","https://www.nestore.com/references/baya","https://www.nestore.com/en/references/baya"
"references/buffalo-trace","references/buffalo-trace","https://www.nestore.com/references/buffalo-trace","https://www.nestore.com/en/references/buffalo-trace"
"references/by-charlot","references/popup-store-by-charlot","https://www.nestore.com/references/by-charlot","https://www.nestore.com/en/references/popup-store-by-charlot"
"references/carel","references/carel","https://www.nestore.com/references/carel","https://www.nestore.com/en/references/carel"
"references/cazabat","references/cazabat","https://www.nestore.com/references/cazabat","https://www.nestore.com/en/references/cazabat"
"references/cometh","references/event-cometh","https://www.nestore.com/references/cometh","https://www.nestore.com/en/references/event-cometh"
"references/courreges","references/courreges","https://www.nestore.com/references/courreges","https://www.nestore.com/en/references/courreges"
"references/dizonord-pop-up","references/dizonord-pop-up","https://www.nestore.com/references/dizonord-pop-up","https://www.nestore.com/en/references/dizonord-pop-up"
"references/elise-chalmin","references/elise-chalmin","https://www.nestore.com/references/elise-chalmin","https://www.nestore.com/en/references/elise-chalmin"
"references/embrin","references/embrin","https://www.nestore.com/references/embrin","https://www.nestore.com/en/references/embrin"
"references/figaret","references/figaret","https://www.nestore.com/references/figaret","https://www.nestore.com/en/references/figaret"
"references/flair-body-suits","references/flair-body-suits","https://www.nestore.com/references/flair-body-suits","https://www.nestore.com/en/references/flair-body-suits"
"references/frichti","references/frichti","https://www.nestore.com/references/frichti","https://www.nestore.com/en/references/frichti"
"references/hachette","references/hachette","https://www.nestore.com/references/hachette","https://www.nestore.com/en/references/hachette"
"references/herbarium","references/herbarium","https://www.nestore.com/references/herbarium","https://www.nestore.com/en/references/herbarium"
"references/hipanema","references/hipanema","https://www.nestore.com/references/hipanema","https://www.nestore.com/en/references/hipanema"
"references/infiniment-coty","references/infiniment-coty","https://www.nestore.com/references/infiniment-coty","https://www.nestore.com/en/references/infiniment-coty"
"references/jem","references/jem","https://www.nestore.com/references/jem","https://www.nestore.com/en/references/jem"
"references/jiji-vintage-store","references/jiji-vintage-store","https://www.nestore.com/references/jiji-vintage-store","https://www.nestore.com/en/references/jiji-vintage-store"
"references/la-vache-qui-rit","references/la-vache-qui-rit","https://www.nestore.com/references/la-vache-qui-rit","https://www.nestore.com/en/references/la-vache-qui-rit"
"references/la-vache-qui-rit-pop-up-store","references/la-vache-qui-rit-pop-up-store","https://www.nestore.com/references/la-vache-qui-rit-pop-up-store","https://www.nestore.com/en/references/la-vache-qui-rit-pop-up-store"
"references/lab-chantelle","references/lab-chantelle","https://www.nestore.com/references/lab-chantelle","https://www.nestore.com/en/references/lab-chantelle"
"references/lcd","references/lcd","https://www.nestore.com/references/lcd","https://www.nestore.com/en/references/lcd"
"references/le-medulle","references/le-medulle","https://www.nestore.com/references/le-medulle","https://www.nestore.com/en/references/le-medulle"
"references/le-noel-balzac","references/balzac-christmas","https://www.nestore.com/references/le-noel-balzac","https://www.nestore.com/en/references/balzac-christmas"
"references/lenotre","references/ephemeral-pastry-lenotre","https://www.nestore.com/references/lenotre","https://www.nestore.com/en/references/ephemeral-pastry-lenotre"
"references/les-petits-raffineurs","references/popup-store-les-petits-raffineurs","https://www.nestore.com/references/les-petits-raffineurs","https://www.nestore.com/en/references/popup-store-les-petits-raffineurs"
"references/les-raffineurs","references/popup-store-les-raffineurs","https://www.nestore.com/references/les-raffineurs","https://www.nestore.com/en/references/popup-store-les-raffineurs"
"references/leslie-monte-carlo","references/leslie-monte-carlo","https://www.nestore.com/references/leslie-monte-carlo","https://www.nestore.com/en/references/leslie-monte-carlo"
"references/mackeene","references/popup-store-mackeene","https://www.nestore.com/references/mackeene","https://www.nestore.com/en/references/popup-store-mackeene"
"references/maison-demarle","references/maison-demarle","https://www.nestore.com/references/maison-demarle","https://www.nestore.com/en/references/maison-demarle"
"references/maison-doree","references/popup-store-maison-doree","https://www.nestore.com/references/maison-doree","https://www.nestore.com/en/references/popup-store-maison-doree"
"references/make-my-lemonade-pop-up-banana","references/popup-shop-make-my-lemonade","https://www.nestore.com/references/make-my-lemonade-pop-up-banana","https://www.nestore.com/en/references/popup-shop-make-my-lemonade"
"references/meduse","references/meduse","https://www.nestore.com/references/meduse","https://www.nestore.com/en/references/meduse"
"references/meuf-paris","references/popup-store-meuf-paris","https://www.nestore.com/references/meuf-paris","https://www.nestore.com/en/references/popup-store-meuf-paris"
"references/miista","references/miista","https://www.nestore.com/references/miista","https://www.nestore.com/en/references/miista"
"references/mijuin","references/mijuin","https://www.nestore.com/references/mijuin","https://www.nestore.com/en/references/mijuin"
"references/millon","references/millon","https://www.nestore.com/references/millon","https://www.nestore.com/en/references/millon"
"references/mirae","references/popup-store-mirae","https://www.nestore.com/references/mirae","https://www.nestore.com/en/references/popup-store-mirae"
"references/my-name-is-gigi-paris","references/my-name-is-gigi-paris","https://www.nestore.com/references/my-name-is-gigi-paris","https://www.nestore.com/en/references/my-name-is-gigi-paris"
"references/new-balance","references/new-balance","https://www.nestore.com/references/new-balance","https://www.nestore.com/en/references/new-balance"
"references/nina-ricci","references/nina-ricci","https://www.nestore.com/references/nina-ricci","https://www.nestore.com/en/references/nina-ricci"
"references/oli-j","references/oli-j","https://www.nestore.com/references/oli-j","https://www.nestore.com/en/references/oli-j"
"references/parfums-godet","references/parfums-godet","https://www.nestore.com/references/parfums-godet","https://www.nestore.com/en/references/parfums-godet"
"references/patisserie-24s","references/patisserie-24s","https://www.nestore.com/references/patisserie-24s","https://www.nestore.com/en/references/patisserie-24s"
"references/paueme","references/popup-store-paueme","https://www.nestore.com/references/paueme","https://www.nestore.com/en/references/popup-store-paueme"
"references/petit-picotin","references/petit-picotin","https://www.nestore.com/references/petit-picotin","https://www.nestore.com/en/references/petit-picotin"
"references/petitjean-paris","references/petitjean-paris","https://www.nestore.com/references/petitjean-paris","https://www.nestore.com/en/references/petitjean-paris"
"references/plaq","references/plaq","https://www.nestore.com/references/plaq","https://www.nestore.com/en/references/plaq"
"references/poivre-blanc","references/poivre-blanc","https://www.nestore.com/references/poivre-blanc","https://www.nestore.com/en/references/poivre-blanc"
"references/pop-up-store-asphalte","references/pop-up-shop-asphalte","https://www.nestore.com/references/pop-up-store-asphalte","https://www.nestore.com/en/references/pop-up-shop-asphalte"
"references/pop-up-store-berthie","references/popup-store-berthie","https://www.nestore.com/references/pop-up-store-berthie","https://www.nestore.com/en/references/popup-store-berthie"
"references/pop-up-store-kerzon","references/pop-up-store-kerzon","https://www.nestore.com/references/pop-up-store-kerzon","https://www.nestore.com/en/references/pop-up-store-kerzon"
"references/pop-up-store-kimai","references/pop-up-store-kimai","https://www.nestore.com/references/pop-up-store-kimai","https://www.nestore.com/en/references/pop-up-store-kimai"
"references/pop-up-store-octobre-editions","references/pop-up-store-octobre-editions","https://www.nestore.com/references/pop-up-store-octobre-editions","https://www.nestore.com/en/references/pop-up-store-octobre-editions"
"references/pop-up-store-two-jeys","references/pop-up-store-two-jeys","https://www.nestore.com/references/pop-up-store-two-jeys","https://www.nestore.com/en/references/pop-up-store-two-jeys"
"references/raw","references/raw","https://www.nestore.com/references/raw","https://www.nestore.com/en/references/raw"
"references/rip-curl","references/rip-curl","https://www.nestore.com/references/rip-curl","https://www.nestore.com/en/references/rip-curl"
"references/rosamia","references/rosamia","https://www.nestore.com/references/rosamia","https://www.nestore.com/en/references/rosamia"
"references/roxy","references/roxy","https://www.nestore.com/references/roxy","https://www.nestore.com/en/references/roxy"
"references/santini","references/santini","https://www.nestore.com/references/santini","https://www.nestore.com/en/references/santini"
"references/slow-presto","references/slow-presto","https://www.nestore.com/references/slow-presto","https://www.nestore.com/en/references/slow-presto"
"references/spurs","references/spurs","https://www.nestore.com/references/spurs","https://www.nestore.com/en/references/spurs"
"references/surprise-paris","references/surprise-paris","https://www.nestore.com/references/surprise-paris","https://www.nestore.com/en/references/surprise-paris"
"references/tailleur-17h10","references/popup-store-17h10","https://www.nestore.com/references/tailleur-17h10","https://www.nestore.com/en/references/popup-store-17h10"
"references/the-alchemist-atelier","references/the-alchemist-atelier","https://www.nestore.com/references/the-alchemist-atelier","https://www.nestore.com/en/references/the-alchemist-atelier"
"references/the-french-vikings","references/popup-store-the-french-vikings","https://www.nestore.com/references/the-french-vikings","https://www.nestore.com/en/references/popup-store-the-french-vikings"
"references/uamep","references/uamep","https://www.nestore.com/references/uamep","https://www.nestore.com/en/references/uamep"
"references/ule-by-shiseido","references/popup-store-ule-by-shiseido","https://www.nestore.com/references/ule-by-shiseido","https://www.nestore.com/en/references/popup-store-ule-by-shiseido"
"references/victoria-france","references/popup-store-victoria-france","https://www.nestore.com/references/victoria-france","https://www.nestore.com/en/references/popup-store-victoria-france"
"references/vintage-football","references/vintage-football","https://www.nestore.com/references/vintage-football","https://www.nestore.com/en/references/vintage-football"
"references/we-are-knitters","references/popup-store-we-are-knitters","https://www.nestore.com/references/we-are-knitters","https://www.nestore.com/en/references/popup-store-we-are-knitters"
"references/what-matters","references/popup-store-what-matters","https://www.nestore.com/references/what-matters","https://www.nestore.com/en/references/popup-store-what-matters"
"references/wilo-grove","references/popup-store-wilo-grove","https://www.nestore.com/references/wilo-grove","https://www.nestore.com/en/references/popup-store-wilo-grove"
"references/wizards-shop-by-bee-and-see","references/wizards-shop-by-bee-and-see","https://www.nestore.com/references/wizards-shop-by-bee-and-see","https://www.nestore.com/en/references/wizards-shop-by-bee-and-see"
"references/yse","references/popup-store-yse","https://www.nestore.com/references/yse","https://www.nestore.com/en/references/popup-store-yse"
"boutiques/20-rue-pont-aux-choux","boutiques/20-rue-pont-aux-choux","https://www.nestore.com/boutiques/20-rue-pont-aux-choux","https://www.nestore.com/en/boutiques/20-rue-pont-aux-choux"
"boutiques/24-rue-palestro","popup-shops/24-rue-palestro","https://www.nestore.com/boutiques/24-rue-palestro","https://www.nestore.com/en/popup-shops/24-rue-palestro"
"boutiques/47-rue-du-four","boutiques/47-rue-du-four","https://www.nestore.com/boutiques/47-rue-du-four","https://www.nestore.com/en/boutiques/47-rue-du-four"
"boutiques/95-vieille-du-temple","popup-shops/95-vieille-du-temple","https://www.nestore.com/boutiques/95-vieille-du-temple","https://www.nestore.com/en/popup-shops/95-vieille-du-temple"
"boutiques/boutique-ephemere-rue-de-la-verrerie","popup-shops/pop-up-shop-verrerie-street","https://www.nestore.com/boutiques/boutique-ephemere-rue-de-la-verrerie","https://www.nestore.com/en/popup-shops/pop-up-shop-verrerie-street"
"boutiques/filles-du-calvaire","boutiques/filles-du-calvaire","https://www.nestore.com/boutiques/filles-du-calvaire","https://www.nestore.com/en/boutiques/filles-du-calvaire"
"boutiques/place-des-vosges","boutiques/place-des-vosges","https://www.nestore.com/boutiques/place-des-vosges","https://www.nestore.com/en/boutiques/place-des-vosges"
"boutiques/pop-up-store-37-rue-rivoli","popup-shops/37-rue-rivoli","https://www.nestore.com/boutiques/pop-up-store-37-rue-rivoli","https://www.nestore.com/en/popup-shops/37-rue-rivoli"
"boutiques/pop-up-store-38-rue-des-martyrs","popup-shops/38-rue-des-martyrs-paris","https://www.nestore.com/boutiques/pop-up-store-38-rue-des-martyrs","https://www.nestore.com/en/popup-shops/38-rue-des-martyrs-paris"
"boutiques/pop-up-store-9-rue-commines","popup-shops/pop-up-shop-9-commines-street","https://www.nestore.com/boutiques/pop-up-store-9-rue-commines","https://www.nestore.com/en/popup-shops/pop-up-shop-9-commines-street"
"boutiques/pop-up-store-debelleyme","popup-shops/15-rue-debelleyme-paris","https://www.nestore.com/boutiques/pop-up-store-debelleyme","https://www.nestore.com/en/popup-shops/15-rue-debelleyme-paris"
"boutiques/pop-up-store-legendre-batignolles","popup-shops/66-legendre","https://www.nestore.com/boutiques/pop-up-store-legendre-batignolles","https://www.nestore.com/en/popup-shops/66-legendre"
"boutiques/pop-up-store-marais-vieille-du-temple","popup-shops/119-vieille-du-temple-paris","https://www.nestore.com/boutiques/pop-up-store-marais-vieille-du-temple","https://www.nestore.com/en/popup-shops/119-vieille-du-temple-paris"
"boutiques/pop-up-store-marche-saint-honore","popup-shops/9-rue-marche-saint-honore-paris","https://www.nestore.com/boutiques/pop-up-store-marche-saint-honore","https://www.nestore.com/en/popup-shops/9-rue-marche-saint-honore-paris"
"boutiques/quai-de-valmy","boutiques/quai-de-valmy","https://www.nestore.com/boutiques/quai-de-valmy","https://www.nestore.com/en/boutiques/quai-de-valmy"
"boutiques/rue-commines","boutiques/rue-commines","https://www.nestore.com/boutiques/rue-commines","https://www.nestore.com/en/boutiques/rue-commines"
"boutiques/rue-de-marseille","boutiques/rue-de-marseille","https://www.nestore.com/boutiques/rue-de-marseille","https://www.nestore.com/en/boutiques/rue-de-marseille"
"boutiques/rue-de-seine","boutiques/rue-de-seine","https://www.nestore.com/boutiques/rue-de-seine","https://www.nestore.com/en/boutiques/rue-de-seine"
"boutiques/rue-de-turenne","boutiques/rue-de-turenne","https://www.nestore.com/boutiques/rue-de-turenne","https://www.nestore.com/en/boutiques/rue-de-turenne"
"boutiques/rue-debelleyme","boutiques/rue-debelleyme","https://www.nestore.com/boutiques/rue-debelleyme","https://www.nestore.com/en/boutiques/rue-debelleyme"
"boutiques/rue-des-francs-bourgeois","boutiques/rue-des-francs-bourgeois","https://www.nestore.com/boutiques/rue-des-francs-bourgeois","https://www.nestore.com/en/boutiques/rue-des-francs-bourgeois"
"boutiques/rue-du-bourg-tibourg","boutiques/rue-du-bourg-tibourg","https://www.nestore.com/boutiques/rue-du-bourg-tibourg","https://www.nestore.com/en/boutiques/rue-du-bourg-tibourg"
"boutiques/rue-saint-roch","boutiques/rue-saint-roch","https://www.nestore.com/boutiques/rue-saint-roch","https://www.nestore.com/en/boutiques/rue-saint-roch"
"boutiques/rue-sainte-croix-de-la-bretonnerie","boutiques/rue-sainte-croix-de-la-bretonnerie","https://www.nestore.com/boutiques/rue-sainte-croix-de-la-bretonnerie","https://www.nestore.com/en/boutiques/rue-sainte-croix-de-la-bretonnerie"
"boutiques/showroom-avenue-marceau","boutiques/showroom-avenue-marceau","https://www.nestore.com/boutiques/showroom-avenue-marceau","https://www.nestore.com/en/boutiques/showroom-avenue-marceau"
"boutiques/showroom-filles-du-calvaire","popup-shops/showroom-filles-du-calvaire","https://www.nestore.com/boutiques/showroom-filles-du-calvaire","https://www.nestore.com/en/popup-shops/showroom-filles-du-calvaire"
"boutiques/showroom-rue-de-turenne","popup-shops/showroom-rue-de-turenne","https://www.nestore.com/boutiques/showroom-rue-de-turenne","https://www.nestore.com/en/popup-shops/showroom-rue-de-turenne"
"boutiques/showroom-rue-de-turenne-paris","popup-shops/showroom-rue-de-turenne-paris","https://www.nestore.com/boutiques/showroom-rue-de-turenne-paris","https://www.nestore.com/en/popup-shops/showroom-rue-de-turenne-paris"
"boutiques/yves-toudic","popup-shops/6-yves-toudic","https://www.nestore.com/boutiques/yves-toudic","https://www.nestore.com/en/popup-shops/6-yves-toudic"
"guide/acteurs-pop-up-store","guidelines-pop-up-shops/players-pop-up-store","https://www.nestore.com/guide/acteurs-pop-up-store","https://www.nestore.com/en/guidelines-pop-up-shops/players-pop-up-store"
"guide/amenagement-vitrines-inspirations","guidelines-pop-up-shops/shop-window-inspirations","https://www.nestore.com/guide/amenagement-vitrines-inspirations","https://www.nestore.com/en/guidelines-pop-up-shops/shop-window-inspirations"
"guide/bail-commercial-et-sous-location-tout-ce-quil-faut-savoir","guide/bail-commercial-et-sous-location-tout-ce-quil-faut-savoir","https://www.nestore.com/guide/bail-commercial-et-sous-location-tout-ce-quil-faut-savoir","https://www.nestore.com/en/guide/bail-commercial-et-sous-location-tout-ce-quil-faut-savoir"
"guide/comment-choisir-un-bon-lieu-pour-votre-evenement","guide/comment-choisir-un-bon-lieu-pour-votre-evenement","https://www.nestore.com/guide/comment-choisir-un-bon-lieu-pour-votre-evenement","https://www.nestore.com/en/guide/comment-choisir-un-bon-lieu-pour-votre-evenement"
"guide/comment-creer-pop-up-store","guidelines-pop-up-shops/how-to-do-pop-up-shops","https://www.nestore.com/guide/comment-creer-pop-up-store","https://www.nestore.com/en/guidelines-pop-up-shops/how-to-do-pop-up-shops"
"guide/dans-quel-quartier-paris-organiser-pop-up-store","guidelines-pop-up-shops/in-which-district-paris-organise-pop-up-store","https://www.nestore.com/guide/dans-quel-quartier-paris-organiser-pop-up-store","https://www.nestore.com/en/guidelines-pop-up-shops/in-which-district-paris-organise-pop-up-store"
"guide/dates-et-programme-de-la-paris-retail-week","guide/dates-et-programme-de-la-paris-retail-week","https://www.nestore.com/guide/dates-et-programme-de-la-paris-retail-week","https://www.nestore.com/en/guide/dates-et-programme-de-la-paris-retail-week"
"guide/definition-pop-up-store","guidelines-pop-up-shops/defintion-pop-up-shop","https://www.nestore.com/guide/definition-pop-up-store","https://www.nestore.com/en/guidelines-pop-up-shops/defintion-pop-up-shop"
"guide/des-influenceurs-lancent-leur-pop-up-store","guidelines-pop-up-shops/influencers-pop-up-store","https://www.nestore.com/guide/des-influenceurs-lancent-leur-pop-up-store","https://www.nestore.com/en/guidelines-pop-up-shops/influencers-pop-up-store"
"guide/etapes-reussir-pop-up-store","guidelines-pop-up-shops/steps-successful-pop-up-store","https://www.nestore.com/guide/etapes-reussir-pop-up-store","https://www.nestore.com/en/guidelines-pop-up-shops/steps-successful-pop-up-store"
"guide/etapes-reussir-pop-up-store-amenagement","guidelines-pop-up-shops/pop-up-store-setup-tips","https://www.nestore.com/guide/etapes-reussir-pop-up-store-amenagement","https://www.nestore.com/en/guidelines-pop-up-shops/pop-up-store-setup-tips"
"guide/etapes-reussir-pop-up-store-amenagement-plantes-vegetaliser","guidelines-pop-up-shops/decorate-pop-up-store-with-plants","https://www.nestore.com/guide/etapes-reussir-pop-up-store-amenagement-plantes-vegetaliser","https://www.nestore.com/en/guidelines-pop-up-shops/decorate-pop-up-store-with-plants"
"guide/exemples-pop-up-store","guidelines-pop-up-shops/examples-pop-up-store","https://www.nestore.com/guide/exemples-pop-up-store","https://www.nestore.com/en/guidelines-pop-up-shops/examples-pop-up-store"
"guide/exemples-pop-up-store-design","guidelines-pop-up-shops/examples-design-pop-up-store","https://www.nestore.com/guide/exemples-pop-up-store-design","https://www.nestore.com/en/guidelines-pop-up-shops/examples-design-pop-up-store"
"guide/exemples-pop-up-store-marques-luxe","guidelines-pop-up-shops/luxury-brand-inspirations","https://www.nestore.com/guide/exemples-pop-up-store-marques-luxe","https://www.nestore.com/en/guidelines-pop-up-shops/luxury-brand-inspirations"
"guide/exemples-pop-up-store-original","guidelines-pop-up-shops/original-pop-up-stores-examples","https://www.nestore.com/guide/exemples-pop-up-store-original","https://www.nestore.com/en/guidelines-pop-up-shops/original-pop-up-stores-examples"
"guide/formats-pop-up-store","guidelines-pop-up-shops/pop-up-store-formats","https://www.nestore.com/guide/formats-pop-up-store","https://www.nestore.com/en/guidelines-pop-up-shops/pop-up-store-formats"
"guide/histoire-pop-up-store-naissance","guidelines-pop-up-shops/pop-up-store-history","https://www.nestore.com/guide/histoire-pop-up-store-naissance","https://www.nestore.com/en/guidelines-pop-up-shops/pop-up-store-history"
"guide/louer-un-restaurant-ephemere-definition-atouts-et-informations-cles","guide/louer-un-restaurant-ephemere-definition-atouts-et-informations-cles","https://www.nestore.com/guide/louer-un-restaurant-ephemere-definition-atouts-et-informations-cles","https://www.nestore.com/en/guide/louer-un-restaurant-ephemere-definition-atouts-et-informations-cles"
"guide/mesurer-succes-pop-up-store","guidelines-pop-up-shops/measuring-pop-up-store-performance","https://www.nestore.com/guide/mesurer-succes-pop-up-store","https://www.nestore.com/en/guidelines-pop-up-shops/measuring-pop-up-store-performance"
"guide/organiser-pop-up-store-quartier-batignolles","guidelines-pop-up-shops/launch-pop-up-store-in-batignolles","https://www.nestore.com/guide/organiser-pop-up-store-quartier-batignolles","https://www.nestore.com/en/guidelines-pop-up-shops/launch-pop-up-store-in-batignolles"
"guide/organiser-pop-up-store-quartier-charonne","guide/organiser-pop-up-store-quartier-charonne","https://www.nestore.com/guide/organiser-pop-up-store-quartier-charonne","https://www.nestore.com/en/guide/organiser-pop-up-store-quartier-charonne"
"guide/organiser-pop-up-store-quartier-les-halles","guidelines-pop-up-shops/les-halles-chatelet-district-paris","https://www.nestore.com/guide/organiser-pop-up-store-quartier-les-halles","https://www.nestore.com/en/guidelines-pop-up-shops/les-halles-chatelet-district-paris"
"guide/organiser-pop-up-store-quartier-marais","guidelines-pop-up-shops/marais-district-paris","https://www.nestore.com/guide/organiser-pop-up-store-quartier-marais","https://www.nestore.com/en/guidelines-pop-up-shops/marais-district-paris"
"guide/organiser-pop-up-store-quartier-saint-germain-des-pres","guidelines-pop-up-shops/saint-germain-des-pres-district-paris","https://www.nestore.com/guide/organiser-pop-up-store-quartier-saint-germain-des-pres","https://www.nestore.com/en/guidelines-pop-up-shops/saint-germain-des-pres-district-paris"
"guide/organiser-pop-up-store-ville-bordeaux","guidelines-pop-up-shops/organize-pop-up-store-bordeaux-france","https://www.nestore.com/guide/organiser-pop-up-store-ville-bordeaux","https://www.nestore.com/en/guidelines-pop-up-shops/organize-pop-up-store-bordeaux-france"
"guide/organiser-pop-up-store-ville-lille","guidelines-pop-up-shops/organize-pop-up-store-lille-france","https://www.nestore.com/guide/organiser-pop-up-store-ville-lille","https://www.nestore.com/en/guidelines-pop-up-shops/organize-pop-up-store-lille-france"
"guide/organiser-pop-up-store-ville-lyon","guidelines-pop-up-shops/organize-pop-up-store-lyon-france","https://www.nestore.com/guide/organiser-pop-up-store-ville-lyon","https://www.nestore.com/en/guidelines-pop-up-shops/organize-pop-up-store-lyon-france"
"guide/organiser-pop-up-store-ville-marseille","guidelines-pop-up-shops/pop-up-store-marseille-france","https://www.nestore.com/guide/organiser-pop-up-store-ville-marseille","https://www.nestore.com/en/guidelines-pop-up-shops/pop-up-store-marseille-france"
"guide/organiser-pop-up-store-ville-nantes","guidelines-pop-up-store/pop-up-store-nantes-france","https://www.nestore.com/guide/organiser-pop-up-store-ville-nantes","https://www.nestore.com/en/guidelines-pop-up-store/pop-up-store-nantes-france"
"guide/organiser-pop-up-store-ville-toulouse","guide/organiser-pop-up-store-ville-toulouse","https://www.nestore.com/guide/organiser-pop-up-store-ville-toulouse","https://www.nestore.com/en/guide/organiser-pop-up-store-ville-toulouse"
"guide/paris-design-week-maison-objet","guide/paris-design-week-maison-objet","https://www.nestore.com/guide/paris-design-week-maison-objet","https://www.nestore.com/en/guide/paris-design-week-maison-objet"
"guide/paris-fashion-week-2024-dates-programmes","guidelines-pop-up-shops/paris-fashion-week-dates-programmes","https://www.nestore.com/guide/paris-fashion-week-2024-dates-programmes","https://www.nestore.com/en/guidelines-pop-up-shops/paris-fashion-week-dates-programmes"
"guide/pop-up-store-annees-2000","guide/pop-up-store-annees-2000","https://www.nestore.com/guide/pop-up-store-annees-2000","https://www.nestore.com/en/guide/pop-up-store-annees-2000"
"guide/pop-up-store-effet-mode-avenir-durable","guidelines-pop-up-shops/pop-up-store-trend-or-sustainable-future","https://www.nestore.com/guide/pop-up-store-effet-mode-avenir-durable","https://www.nestore.com/en/guidelines-pop-up-shops/pop-up-store-trend-or-sustainable-future"
"guide/pop-up-store-kesako","guidelines-pop-up-shops/what-is-pop-up-store","https://www.nestore.com/guide/pop-up-store-kesako","https://www.nestore.com/en/guidelines-pop-up-shops/what-is-pop-up-store"
"guide/pop-up-store-un-media","guidelines-pop-up-shops/pop-up-store-is-a-media","https://www.nestore.com/guide/pop-up-store-un-media","https://www.nestore.com/en/guidelines-pop-up-shops/pop-up-store-is-a-media"
"guide/pourquoi-creer-pop-up-store","guidelines-pop-up-shops/why-create-pop-up-store","https://www.nestore.com/guide/pourquoi-creer-pop-up-store","https://www.nestore.com/en/guidelines-pop-up-shops/why-create-pop-up-store"
"guide/quand-organiser-pop-up-store","guidelines-pop-up-shops/when-organize-pop-up-store","https://www.nestore.com/guide/quand-organiser-pop-up-store","https://www.nestore.com/en/guidelines-pop-up-shops/when-organize-pop-up-store"
"guide/quelles-villes-de-france-organiser-pop-up-store","guidelines-pop-up-shops/which-cities-in-france-organize-pop-up-store","https://www.nestore.com/guide/quelles-villes-de-france-organiser-pop-up-store","https://www.nestore.com/en/guidelines-pop-up-shops/which-cities-in-france-organize-pop-up-store"
"guide/rentabilite-et-budget-de-son-pop-up-store","guidelines-pop-up-shops/budget-pop-up-store","https://www.nestore.com/guide/rentabilite-et-budget-de-son-pop-up-store","https://www.nestore.com/en/guidelines-pop-up-shops/budget-pop-up-store"
"rubrique/nos-rencontres","section/our-encounters","https://www.nestore.com/rubrique/nos-rencontres","https://www.nestore.com/en/section/our-encounters"
"rubrique/nos-ressources","section/our-ressources","https://www.nestore.com/rubrique/nos-ressources","https://www.nestore.com/en/section/our-ressources"
"rubrique/tendances-retail","section/retail-trends","https://www.nestore.com/rubrique/tendances-retail","https://www.nestore.com/en/section/retail-trends"
"boutiques-ephemeres-france/bordeaux-sainte-catherine","popup-shops-france/bordeaux-sainte-catherine","https://www.nestore.com/boutiques-ephemeres-france/bordeaux-sainte-catherine","https://www.nestore.com/en/popup-shops-france/bordeaux-sainte-catherine"
"boutiques-ephemeres-france/lyon-place-des-jacobins","popup-shops-france/lyon-place-des-jacobins","https://www.nestore.com/boutiques-ephemeres-france/lyon-place-des-jacobins","https://www.nestore.com/en/popup-shops-france/lyon-place-des-jacobins"
"boutiques-ephemeres-france/marseille-canebiere","popup-shops-france/marseille-canebiere","https://www.nestore.com/boutiques-ephemeres-france/marseille-canebiere","https://www.nestore.com/en/popup-shops-france/marseille-canebiere"
"boutiques-ephemeres-france/pop-up-store-nantes-passage-pommeraye","popup-shops-france/nantes-passage-pommeraye","https://www.nestore.com/boutiques-ephemeres-france/pop-up-store-nantes-passage-pommeraye","https://www.nestore.com/en/popup-shops-france/nantes-passage-pommeraye"
"boutiques-ephemeres-france/vieux-lille-rue-de-la-clef","popup-shops-france/vieux-lille-rue-de-la-clef","https://www.nestore.com/boutiques-ephemeres-france/vieux-lille-rue-de-la-clef","https://www.nestore.com/en/popup-shops-france/vieux-lille-rue-de-la-clef"
"boutiques-ephemeres-france/vieux-lille-rue-de-la-clef","popup-shops-france/vieux-lille-rue-de-la-clef","https://www.nestore.com/boutiques-ephemeres-france/vieux-lille-rue-de-la-clef","https://www.nestore.com/en/popup-shops-france/vieux-lille-rue-de-la-clef"